time_utc_iso,twl_ft_mllw,tide_ft_mllw,surge_ft,src_time
2026-03-16T06:00:00.000Z,2.289,0.845,0.9,202603160600
2026-03-16T07:00:00.000Z,3.299,1.923,1,202603160700
2026-03-16T08:00:00.000Z,4.418,3.086,1,202603160800
2026-03-16T09:00:00.000Z,5.369,3.989,1.1,202603160900
2026-03-16T10:00:00.000Z,6.008,4.518,1.1,202603161000
2026-03-16T11:00:00.000Z,6.097,4.533,1.2,202603161100
2026-03-16T12:00:00.000Z,5.487,4.02,0.8,202603161200
2026-03-16T13:00:00.000Z,4.569,3.166,0.9,202603161300
2026-03-16T14:00:00.000Z,3.637,2.198,0.9,202603161400
2026-03-16T15:00:00.000Z,2.83,1.261,1,202603161500
2026-03-16T16:00:00.000Z,2.01,0.456,1,202603161600
2026-03-16T17:00:00.000Z,1.289,-0.029,0.9,202603161700
2026-03-16T18:00:00.000Z,1.298,0.089,0.8,202603161800
2026-03-16T19:00:00.000Z,2.177,0.945,0.7,202603161900
2026-03-16T20:00:00.000Z,3.617,2.183,0.7,202603162000
2026-03-16T21:00:00.000Z,4.769,3.294,0.7,202603162100
2026-03-16T22:00:00.000Z,5.569,4.056,0.8,202603162200
2026-03-16T23:00:00.000Z,5.926,4.323,0.8,202603162300
2026-03-17T00:00:00.000Z,5.917,4.019,0.8,202603170000
2026-03-17T01:00:00.000Z,5.087,3.289,0.8,202603170100
2026-03-17T02:00:00.000Z,3.89,2.376,0.7,202603170200
2026-03-17T03:00:00.000Z,2.528,1.47,0.7,202603170300
2026-03-17T04:00:00.000Z,1.548,0.675,0.8,202603170400
2026-03-17T05:00:00.000Z,1.449,0.128,1,202603170500
2026-03-17T06:00:00.000Z,1.849,0.086,0,202603170600
2026-03-17T07:00:00.000Z,1.718,0.79,-0.4,202603170700
2026-03-17T08:00:00.000Z,1.679,2.078,-0.8,202603170800
2026-03-17T09:00:00.000Z,1.649,3.396,-0.9,202603170900
2026-03-17T10:00:00.000Z,2.42,4.373,-0.8,202603171000
2026-03-17T11:00:00.000Z,4.208,4.837,-0.7,202603171100
2026-03-17T12:00:00.000Z,5.516,4.675,-0.5,202603171200
2026-03-17T13:00:00.000Z,5.257,3.957,-0.8,202603171300
2026-03-17T14:00:00.000Z,3.217,2.926,-0.9,202603171400
2026-03-17T15:00:00.000Z,1.459,1.828,-0.9,202603171500
2026-03-17T16:00:00.000Z,0.088,0.82,-0.8,202603171600
2026-03-17T17:00:00.000Z,-0.829,0.03,-0.7,202603171700
2026-03-17T18:00:00.000Z,-1.079,-0.323,-0.6,202603171800
2026-03-17T19:00:00.000Z,-0.6,0.052,-0.5,202603171900
2026-03-17T20:00:00.000Z,0.81,1.211,-0.6,202603172000
2026-03-17T21:00:00.000Z,2.499,2.679,-0.7,202603172100
2026-03-17T22:00:00.000Z,3.66,3.891,-0.8,202603172200
2026-03-17T23:00:00.000Z,4.08,4.595,-0.8,202603172300
2026-03-18T00:00:00.000Z,3.89,4.672,-0.8,202603180000
2026-03-18T01:00:00.000Z,3.148,4.14,-0.7,202603180100
2026-03-18T02:00:00.000Z,2.489,3.206,-0.7,202603180200
2026-03-18T03:00:00.000Z,1.4,2.135,-0.7,202603180300
2026-03-18T04:00:00.000Z,0.249,1.122,-0.8,202603180400
2026-03-18T05:00:00.000Z,-0.57,0.284,-1,202603180500
2026-03-18T06:00:00.000Z,-1.259,-0.216,-0.9,202603180600
2026-03-18T07:00:00.000Z,-1.259,-0.1,-0.9,202603180700
2026-03-18T08:00:00.000Z,-0.15,0.847,-0.8,202603180800
2026-03-18T09:00:00.000Z,1.859,2.362,-0.7,202603180900
2026-03-18T10:00:00.000Z,3.68,3.793,-0.7,202603181000
2026-03-18T11:00:00.000Z,4.637,4.731,-0.6,202603181100
2026-03-18T12:00:00.000Z,5.008,5.024,-0.9,202603181200
2026-03-18T13:00:00.000Z,4.677,4.64,-0.9,202603181300
2026-03-18T14:00:00.000Z,3.66,3.727,-0.8,202603181400
2026-03-18T15:00:00.000Z,2.387,2.559,-0.7,202603181500
2026-03-18T16:00:00.000Z,1.4,1.389,-0.6,202603181600
2026-03-18T17:00:00.000Z,0.58,0.378,-0.4,202603181700
2026-03-18T18:00:00.000Z,0.111,-0.33,-0.3,202603181800
2026-03-18T19:00:00.000Z,-0.288,-0.49,-0.2,202603181900
2026-03-18T20:00:00.000Z,0.429,0.198,-0.3,202603182000
2026-03-18T21:00:00.000Z,1.958,1.689,-0.4,202603182100
2026-03-18T22:00:00.000Z,3.519,3.334,-0.4,202603182200
2026-03-18T23:00:00.000Z,4.808,4.518,-0.3,202603182300
2026-03-19T00:00:00.000Z,5.657,5.044,-0.1,202603190000
2026-03-19T01:00:00.000Z,5.799,4.879,0,202603190100
2026-03-19T02:00:00.000Z,5.018,4.122,0,202603190200
2026-03-19T03:00:00.000Z,3.45,3.017,0,202603190300
2026-03-19T04:00:00.000Z,1.859,1.837,0,202603190400
2026-03-19T05:00:00.000Z,0.751,0.77,-0.1,202603190500
2026-03-19T06:00:00.000Z,0.068,-0.063,0,202603190600
2026-03-19T07:00:00.000Z,-0.18,-0.478,0.1,202603190700
2026-03-19T08:00:00.000Z,0.298,-0.165,0.1,202603190800
2026-03-19T09:00:00.000Z,1.758,1.055,0.2,202603190900
2026-03-19T10:00:00.000Z,3.47,2.752,0.2,202603191000
2026-03-19T11:00:00.000Z,4.647,4.168,0.2,202603191100
2026-03-19T12:00:00.000Z,5.559,4.946,0.2,202603191200
2026-03-19T13:00:00.000Z,5.838,5.02,0.2,202603191300
2026-03-19T14:00:00.000Z,5.349,4.43,0.2,202603191400
2026-03-19T15:00:00.000Z,4.29,3.372,0.3,202603191500
2026-03-19T16:00:00.000Z,2.728,2.132,0.3,202603191600
2026-03-19T17:00:00.000Z,1.318,0.956,0.3,202603191700
2026-03-19T18:00:00.000Z,0.17,0,0.4,202603191800
2026-03-19T19:00:00.000Z,-0.498,-0.577,0.4,202603191900
2026-03-19T20:00:00.000Z,-0.141,-0.486,0.4,202603192000
2026-03-19T21:00:00.000Z,1.328,0.562,0.4,202603192100
2026-03-19T22:00:00.000Z,3.207,2.339,0.4,202603192200
2026-03-19T23:00:00.000Z,4.759,4.01,0.5,202603192300
2026-03-20T00:00:00.000Z,5.848,5.028,0.4,202603200000
2026-03-20T01:00:00.000Z,6.307,5.319,0.4,202603200100
2026-03-20T02:00:00.000Z,5.969,4.924,0.4,202603200200
2026-03-20T03:00:00.000Z,4.808,3.989,0.4,202603200300
2026-03-20T04:00:00.000Z,3.197,2.774,0.4,202603200400
2026-03-20T05:00:00.000Z,1.879,1.543,0.4,202603200500
2026-03-20T06:00:00.000Z,0.97,0.469,0.3,202603200600
2026-03-20T07:00:00.000Z,0.249,-0.324,0.3,202603200700
2026-03-20T08:00:00.000Z,0.068,-0.613,0.3,202603200800
2026-03-20T09:00:00.000Z,0.61,-0.061,0.3,202603200900
2026-03-20T10:00:00.000Z,2.128,1.406,0.3,202603201000
2026-03-20T11:00:00.000Z,3.758,3.145,0.3,202603201100
2026-03-20T12:00:00.000Z,4.998,4.405,0.3,202603201200
2026-03-20T13:00:00.000Z,5.838,4.968,0.3,202603201300
2026-03-20T14:00:00.000Z,5.989,4.84,0.3,202603201400
2026-03-20T15:00:00.000Z,5.12,4.101,0.4,202603201500
2026-03-20T16:00:00.000Z,3.539,2.967,0.4,202603201600
2026-03-20T17:00:00.000Z,2.23,1.72,0.4,202603201700
2026-03-20T18:00:00.000Z,0.99,0.591,0.5,202603201800
2026-03-20T19:00:00.000Z,0.16,-0.269,0.6,202603201900
2026-03-20T20:00:00.000Z,-0.111,-0.668,0.6,202603202000
2026-03-20T21:00:00.000Z,0.731,-0.277,0.6,202603202100
2026-03-20T22:00:00.000Z,2.41,1.112,0.6,202603202200
2026-03-20T23:00:00.000Z,4.099,3.017,0.6,202603202300
2026-03-21T00:00:00.000Z,5.349,4.544,0.4,202603210000
2026-03-21T01:00:00.000Z,6.317,5.329,0.4,202603210100
2026-03-21T02:00:00.000Z,6.497,5.402,0.4,202603210200
2026-03-21T03:00:00.000Z,5.779,4.836,0.4,202603210300
2026-03-21T04:00:00.000Z,4.519,3.792,0.4,202603210400
2026-03-21T05:00:00.000Z,3.138,2.531,0.2,202603210500
2026-03-21T06:00:00.000Z,1.83,1.3,0.2,202603210600
2026-03-21T07:00:00.000Z,0.741,0.257,0.1,202603210700
2026-03-21T08:00:00.000Z,-0.029,-0.454,0.2,202603210800
2026-03-21T09:00:00.000Z,-0.098,-0.573,0.3,202603210900
2026-03-21T10:00:00.000Z,1.029,0.212,0.4,202603211000
2026-03-21T11:00:00.000Z,2.748,1.802,0.4,202603211100
2026-03-21T12:00:00.000Z,4.249,3.415,0.3,202603211200
2026-03-21T13:00:00.000Z,5.171,4.449,0.2,202603211300
2026-03-21T14:00:00.000Z,5.528,4.818,0.2,202603211400
2026-03-21T15:00:00.000Z,5.248,4.55,0.2,202603211500
2026-03-21T16:00:00.000Z,4.418,3.733,0.2,202603211600
2026-03-21T17:00:00.000Z,3.361,2.588,0.3,202603211700
2026-03-21T18:00:00.000Z,2.244,1.383,0.4,202603211800
2026-03-21T19:00:00.000Z,1.284,0.335,0.5,202603211900
2026-03-21T20:00:00.000Z,0.546,-0.391,0.5,202603212000
2026-03-21T21:00:00.000Z,0.354,-0.571,0.5,202603212100
2026-03-21T22:00:00.000Z,1.028,0.115,0.5,202603212200
2026-03-21T23:00:00.000Z,2.715,1.714,0.6,202603212300
2026-03-22T00:00:00.000Z,4.547,3.546,0.6,202603220000
2026-03-22T01:00:00.000Z,5.837,4.836,0.6,202603220100
2026-03-22T02:00:00.000Z,6.409,5.408,0.6,202603220200
2026-03-22T03:00:00.000Z,6.328,5.327,0.6,202603220300
2026-03-22T04:00:00.000Z,5.665,4.664,0.6,202603220400
2026-03-22T05:00:00.000Z,4.582,3.581,0.6,202603220500
2026-03-22T06:00:00.000Z,3.43,2.329,0.7,202603220600
2026-03-22T07:00:00.000Z,2.24,1.139,0.7,202603220700
2026-03-22T08:00:00.000Z,1.272,0.171,0.7,202603220800
2026-03-22T09:00:00.000Z,0.689,-0.412,0.7,202603220900
2026-03-22T10:00:00.000Z,0.745,-0.356,0.7,202603221000
2026-03-22T11:00:00.000Z,1.67,0.569,0.7,202603221100
2026-03-22T12:00:00.000Z,3.207,2.106,0.7,202603221200
2026-03-22T13:00:00.000Z,4.598,3.497,0.7,202603221300
2026-03-22T14:00:00.000Z,5.528,4.327,0.8,202603221400
2026-03-22T15:00:00.000Z,5.772,4.571,0.8,202603221500
2026-03-22T16:00:00.000Z,5.436,4.235,0.8,202603221600
2026-03-22T17:00:00.000Z,4.603,3.402,0.8,202603221700
2026-03-22T18:00:00.000Z,3.389,2.288,0.7,202603221800
2026-03-22T19:00:00.000Z,2.258,1.157,0.7,202603221900
2026-03-22T20:00:00.000Z,1.226,0.225,0.6,202603222000
2026-03-22T21:00:00.000Z,0.668,-0.333,0.6,202603222100
2026-03-22T22:00:00.000Z,0.705,-0.296,0.6,202603222200
2026-03-22T23:00:00.000Z,1.583,0.582,0.6,202603222300
2026-03-23T00:00:00.000Z,3.193,2.192,0.6,202603230000
2026-03-23T01:00:00.000Z,4.821,3.82,0.6,202603230100
2026-03-23T02:00:00.000Z,5.782,4.881,0.5,202603230200
2026-03-23T03:00:00.000Z,6.211,5.31,0.5,202603230300
2026-03-23T04:00:00.000Z,5.957,5.156,0.4,202603230400
2026-03-23T05:00:00.000Z,5.366,4.465,0.5,202603230500
2026-03-23T06:00:00.000Z,4.294,3.393,0.5,202603230600
2026-03-23T07:00:00.000Z,3.192,2.191,0.6,202603230700
2026-03-23T08:00:00.000Z,2.091,1.09,0.6,202603230800
2026-03-23T09:00:00.000Z,1.246,0.245,0.6,202603230900
2026-03-23T10:00:00.000Z,0.899,-0.202,0.7,202603231000
2026-03-23T11:00:00.000Z,1.059,-0.042,0.7,202603231100
2026-03-23T12:00:00.000Z,2.073,0.872,0.8,202603231200
2026-03-23T13:00:00.000Z,3.534,2.233,0.9,202603231300
2026-03-23T14:00:00.000Z,4.708,3.407,0.9,202603231400
2026-03-23T15:00:00.000Z,5.413,4.112,0.9,202603231500
2026-03-23T16:00:00.000Z,5.612,4.311,0.9,202603231600
2026-03-23T17:00:00.000Z,5.267,3.966,0.9,202603231700
2026-03-23T18:00:00.000Z,4.453,3.152,0.9,202603231800
2026-03-23T19:00:00.000Z,3.4,2.099,0.9,202603231900
2026-03-23T20:00:00.000Z,2.377,1.076,0.9,202603232000
2026-03-23T21:00:00.000Z,1.694,0.293,1,202603232100
2026-03-23T22:00:00.000Z,1.299,-0.102,1,202603232200
2026-03-23T23:00:00.000Z,1.465,0.064,1,202603232300
2026-03-24T00:00:00.000Z,2.267,0.966,0.9,202603240000
2026-03-24T01:00:00.000Z,3.734,2.433,0.9,202603240100
2026-03-24T02:00:00.000Z,5.034,3.833,0.8,202603240200
2026-03-24T03:00:00.000Z,5.94,4.739,0.8,202603240300
2026-03-24T04:00:00.000Z,6.215,5.114,0.7,202603240400
2026-03-24T05:00:00.000Z,6.054,4.953,0.7,202603240500
2026-03-24T06:00:00.000Z,5.375,4.274,0.7,202603240600
2026-03-24T07:00:00.000Z,4.451,3.25,0.8,202603240700
2026-03-24T08:00:00.000Z,3.346,2.145,0.8,202603240800
2026-03-24T09:00:00.000Z,2.381,1.18,0.8,202603240900
2026-03-24T10:00:00.000Z,1.669,0.468,0.8,202603241000
2026-03-24T11:00:00.000Z,1.3,0.099,0.8,202603241100
2026-03-24T12:00:00.000Z,1.442,0.241,0.8,202603241200
2026-03-24T13:00:00.000Z,2.223,1.022,0.8,202603241300
2026-03-24T14:00:00.000Z,3.381,2.18,0.8,202603241400
2026-03-24T15:00:00.000Z,4.414,3.213,0.8,202603241500
2026-03-24T16:00:00.000Z,5.09,3.889,0.8,202603241600
2026-03-24T17:00:00.000Z,5.31,4.109,0.8,202603241700
2026-03-24T18:00:00.000Z,4.983,3.782,0.8,202603241800
2026-03-24T19:00:00.000Z,4.109,3.008,0.7,202603241900
2026-03-24T20:00:00.000Z,3.148,2.047,0.7,202603242000
2026-03-24T21:00:00.000Z,2.266,1.165,0.7,202603242100
2026-03-24T22:00:00.000Z,1.628,0.527,0.7,202603242200
2026-03-24T23:00:00.000Z,1.322,0.221,0.7,202603242300
2026-03-25T00:00:00.000Z,1.379,0.378,0.6,202603250000
2026-03-25T01:00:00.000Z,2.16,1.159,0.6,202603250100
2026-03-25T02:00:00.000Z,3.328,2.427,0.5,202603250200
2026-03-25T03:00:00.000Z,4.555,3.654,0.5,202603250300
2026-03-25T04:00:00.000Z,5.302,4.501,0.4,202603250400
2026-03-25T05:00:00.000Z,5.695,4.894,0.4,202603250500
2026-03-25T06:00:00.000Z,5.461,4.76,0.3,202603250600
2026-03-25T07:00:00.000Z,4.818,4.117,0.3,202603250700
2026-03-25T08:00:00.000Z,3.78,3.179,0.2,202603250800
2026-03-25T09:00:00.000Z,2.815,2.214,0.2,202603250900
2026-03-25T10:00:00.000Z,1.893,1.392,0.1,202603251000
2026-03-25T11:00:00.000Z,1.257,0.756,0.1,202603251100
2026-03-25T12:00:00.000Z,0.765,0.364,0,202603251200
